Date,SP500,Dow_Jones,NASDAQ,SP500_Normalized,Dow_Jones_Normalized,NASDAQ_Normalized
2025-01-01,5881.63,42544.22,19310.79,100.0,100.0,100.0
2025-01-02,5928.393147956632,42431.70511408866,19031.57626176872,100.79507122951685,99.73553426079656,98.55410504577348
2025-01-03,5919.062067495556,42060.64689770479,18929.09226748574,100.63642336385587,98.86336357254825,98.02339659581891
2025-01-04,5979.527228390656,41624.3024637554,19077.35942115908,101.66445744446106,97.83773792011088,98.7911909412255
2025-01-05,6119.121969445507,41229.2993458412,18891.41159857682,104.03785973353486,96.90928484725117,97.82826905878433
2025-01-06,6100.689334537889,41203.52194215483,18619.37589270323,103.72446642406763,96.84869517446748,96.41954520091217
2025-01-07,6082.313726663943,41384.562953297085,18708.495111298536,103.41204269333404,97.27423126642604,96.88104480085245
2025-01-08,6229.433900303538,41534.38705582473,18798.4717155074,105.91339306116735,97.62639215344582,97.34698433107812
2025-01-09,6304.258876024522,41959.12596272016,18634.455479209097,107.1855739994614,98.62473906612969,96.49763411651774
2025-01-10,6263.0156844935855,41978.26027673768,18483.91349936994,106.4843535634439,98.66971418617541,95.71805969289677
2025-01-11,6317.118123277208,42723.05573656491,18568.51250222344,107.40420807288469,100.42035260386702,96.1561515723771
2025-01-12,6276.364717750153,42600.18926963602,18091.94200763572,106.71131502236886,100.13155551949482,93.68825411925519
2025-01-13,6235.656553209306,44003.52598252267,17640.831230729138,106.01919116315214,103.43009222527213,91.35219859326902
2025-01-14,6261.406285850713,44347.10587304295,17419.756404616906,106.45699042358518,104.23767523071983,90.20737320750165
2025-01-15,6084.839614736224,43904.260521953605,17359.796754193318,103.45498806854943,103.19676920144173,89.89687503304276
2025-01-16,5930.444309151988,43353.23088139962,17463.891931561197,100.82994525585573,101.90157648065852,90.43592691734102
2025-01-17,5883.39030813815,43617.23770680737,17934.655795934374,100.02992891661239,102.52212335026326,92.87375501434366
2025-01-18,5796.948791334876,43513.36092500522,18218.70260063233,98.56024250649693,102.2779614363719,94.34467777150665
2025-01-19,5827.172401153569,43899.237667683454,18173.540376460434,99.07410702736433,103.18496300480642,94.11080735930759
2025-01-20,5750.717794867243,44161.704690437095,18174.58913981274,97.77421896425385,103.80189057511713,94.1162383300359
2025-01-21,5631.766753359291,44136.35821464008,17853.88890801665,95.75180270366023,103.7423137964219,92.45550755829589
2025-01-22,5758.395516869687,43701.10643160958,17855.080897059604,97.90475628133166,102.7192564151125,92.46168021639511
2025-01-23,5741.773076080065,42919.81076601556,17769.450509126455,97.62214005437379,100.88282442601029,92.01824735873807
2025-01-24,5750.459937031402,42702.71466228241,17879.77985608358,97.76983484223594,100.37254099918252,92.58958259130559
2025-01-25,5630.440806522238,43154.372116894505,17620.699039130606,95.72925883678907,101.43415983862086,91.2479450044799
2025-01-26,5587.279306327514,43278.1874017547,17792.469793986635,94.99542314507227,101.72518711532308,92.13745162153715
2025-01-27,5599.36927833203,42644.21106215046,18290.46857651422,95.20097793183233,100.23502854712217,94.71631443619975
2025-01-28,5505.496391816558,42745.62629291634,18261.977830545737,93.60494270834033,100.47340459624444,94.56877647442562
2025-01-29,5539.275201278687,42956.09757342087,18401.331531816297,94.17925305193776,100.96811640552082,95.29041293399337
2025-01-30,5492.13829387939,42513.3796074475,18637.284295560035,93.37782713090402,99.92750979439158,96.51228300634016
2025-01-31,5470.854026826456,42604.55810674082,18510.14132928303,93.01595011631905,100.14182445169007,95.8538792523922
2025-02-01,5424.2117182026195,42647.09895490106,18592.209088979274,92.22293340796037,100.2418165261957,96.27886321056401
2025-02-02,5577.631059568488,42074.96067585839,18603.860142483678,94.83138278960914,98.89700804447324,96.33919763243077
2025-02-03,5579.290636999528,42268.22983346483,18644.01043112066,94.85959907371814,99.35128634034149,96.54711397680083
2025-02-04,5493.561132079392,42565.35073338587,18392.051990769032,93.4020183534053,100.04966769489691,95.24235927566419
2025-02-05,5564.088424023229,43131.32581094171,18407.523074752262,94.60112968723345,101.37998959892013,95.3224755421827
2025-02-06,5464.97723793005,43689.68776444367,18579.890554653342,92.91603242519591,102.69241688869526,96.21507227127084
2025-02-07,5484.8312484370135,42980.5153364288,19072.640120289703,93.25359208989707,101.02551024893344,98.76675226797921
2025-02-08,5326.3467650799685,42509.71104889822,19409.59406672651,90.55902471049639,99.91888686382832,100.51165212156783
2025-02-09,5222.894246487891,42785.19196688128,20169.621058487326,88.80011572451669,100.5664035370287,104.4474154526424
2025-02-10,5240.928474853795,43061.81669094732,19899.10093476582,89.10673529028168,101.21660872134292,103.04653996426774
2025-02-11,5301.60269699361,43340.8819046123,20219.511710296236,90.1383238488924,101.87255026561142,104.7057718006163
2025-02-12,5317.881396468145,45357.65353574345,20294.32705995664,90.41509575522679,106.61296301999062,105.09319950119409
2025-02-13,5311.31527942469,45681.99187969454,21102.375175404915,90.30345804521347,107.37531885575653,109.27763791851557
2025-02-14,5289.982087178282,46318.19528150153,20803.789879393462,89.94074920010749,108.87071212376564,107.73142828125344
2025-02-15,5175.306755553728,46862.34241985049,20497.66225363163,87.99102894187033,110.1497275537088,106.14616105105814
2025-02-16,5122.013190011735,47242.709760992286,20284.710654467883,87.08492696772382,111.04377929832134,105.04340140650838
2025-02-17,5089.183228696438,47078.15249286725,19517.337554627724,86.52674902529466,110.65698817105414,101.06959660701465
2025-02-18,5172.42615087612,47521.04636301241,19340.44040152426,87.94205264316388,111.69800824415728,100.15354318246048
2025-02-19,5201.672467354806,47094.597122714775,19083.901297727534,88.4393011351412,110.695641200414,98.82506773533105
2025-02-20,5066.7119420636145,46974.890979344586,19143.196661430888,86.14469019750672,110.41427244251882,99.13212593286389
2025-02-21,5093.875899804106,46715.384649702944,19268.615373476845,86.60653423972786,109.80430396820753,99.78160071895994
2025-02-22,5066.999417539193,46775.296648069394,19927.04467659035,86.14957788128788,109.9451268540577,103.19124529131305
2025-02-23,5018.083466528916,48088.5553302056,20275.919983595122,85.3179045014548,113.03193554895495,104.99787933893498
2025-02-24,5066.634148340682,47025.452870443274,20073.479809100383,86.14336754166246,110.53311794279756,103.94955260297681
2025-02-25,5147.522926228867,47426.82086117623,19756.891643244828,87.51864578745801,111.47653162092578,102.31011596752295
2025-02-26,5222.003474150358,46523.217066759935,19939.732687738524,88.78497073345922,109.35261491868916,103.25694954861258
2025-02-27,5158.878523559886,46273.70456828585,19473.856830611207,87.71171467025104,108.7661369001144,100.84443376273681
2025-02-28,5137.5301265467,46892.26401821865,20123.62655769693,87.34874731233859,110.22005813767099,104.2092351358848
2025-03-01,5165.627029489859,46942.502524942356,20558.899033978094,87.82645337244706,110.33814352441378,106.4632727815801
2025-03-02,5243.799377161859,46349.48083218956,20393.499366096898,89.15554662843225,108.94424867159289,105.60675853290775
2025-03-03,5208.730873300963,45965.53820970075,19772.79422304837,88.55930878516607,108.04179324406643,102.39246671445534
2025-03-04,5196.829524082799,46354.18478671427,20262.56045819316,88.35696097991202,108.95530529579405,104.92869767727346
2025-03-05,5113.186424998243,45961.82444444629,20228.88981266898,86.93485351846755,108.03306405534356,104.75433585404315
2025-03-06,5023.996606134609,46094.99897210593,20687.695064692285,85.41844023059268,108.34609019064384,107.13023685044622
2025-03-07,5087.740509049253,46134.03507875984,20102.23954497688,86.50221977664785,108.4378443858175,104.09848351609064
2025-03-08,5193.787339304086,45787.143849758126,19893.4023955984,88.305237481856,107.62247809398815,103.0170303524527
2025-03-09,5190.774154107254,46978.86090999839,19903.237427070282,88.25400703728819,110.42360374687416,103.06796059130818
2025-03-10,5271.5062306219215,47350.32409120355,19928.02990846007,89.62662103229754,111.29672630313483,103.19634726730531
2025-03-11,5302.737482126071,46213.83529472128,19774.56059324819,90.15761756734223,108.62541443872111,102.40161377783193
2025-03-12,5254.075340319066,46331.10067322263,20004.1689245842,89.33025947431351,108.90104618964133,103.5906295111914
2025-03-13,5285.184374074247,45977.06445954427,19627.747122653316,89.85917805224481,108.06888564308916,101.64134726053835
2025-03-14,5409.759068678895,46461.166167458825,19585.29562800825,91.97720816642487,109.20676455569951,101.4215142312057
2025-03-15,5409.556794613686,46033.247264675316,19635.538205436493,91.97376908465317,108.20094307681588,101.68169300912335
2025-03-16,5539.222003802861,45983.67694709094,19825.21552156804,94.17834858368957,108.08442826567497,102.6639278950682
2025-03-17,5324.321368930831,46276.12611296341,20087.088137653067,90.52458874378074,108.77182873011517,104.02002267982337
2025-03-18,5392.624625623638,46770.774509377734,19688.488846111017,91.68588683109338,109.93449758716397,101.95589536270144
2025-03-19,5402.362120392992,46111.14023054468,19152.685226344056,91.85144458922089,108.38403014685586,99.18126201125928
2025-03-20,5380.833111695051,45939.88277189602,19600.823256269316,91.48540645526923,107.98149025154538,101.50192330955552
2025-03-21,5390.929769621955,45691.83755371403,19725.90889343091,91.65707073756687,107.3984610687751,102.1496732833349
2025-03-22,5232.902568043309,45347.32334701394,19468.036866882947,88.97027810391522,106.5886819572998,100.81429535965616
2025-03-23,5218.276195537453,46321.63103547864,20019.385990850697,88.72159920867944,108.87878784821685,103.66943035914477
2025-03-24,5248.838014100926,46560.64048548429,20069.076978005705,89.24121398491448,109.44057849805282,103.92675275328303
2025-03-25,5367.820829750766,45870.11790372941,20503.11791620151,91.26417047231408,107.81750823902615,106.17441293805956
2025-03-26,5328.77501506931,46389.10816786953,20536.23727231373,90.60031003428148,109.03739254796427,106.34591993550615
2025-03-27,5266.815194912736,47584.36410078789,21306.21191741114,89.54686362305578,111.8468363053498,110.33319671236204
2025-03-28,5229.8086781906095,48188.1898445719,21987.928353752977,88.91767551156073,113.26612603209529,113.8634325874445
2025-03-29,5304.23425161759,47324.058041162876,21898.187819625084,90.18306577628294,111.23498806926739,113.39871553481282
2025-03-30,5333.042962185112,47063.26420213725,22289.90867170656,90.67287405336806,110.62199330987205,115.42722318303164
2025-03-31,5293.330974771021,47792.882871015536,22557.76131272828,89.9976872868749,112.33695874789933,116.8142852401599
2025-04-01,5336.731056289009,47401.36196929629,23122.503169251253,90.73557935961645,111.41669060872732,119.73877386296081
2025-04-02,5347.170573404264,47668.03412223786,22730.146146562685,90.91307296453984,112.04350231885284,117.70697183575962
2025-04-03,5427.536808532761,48125.437922367935,23019.931104118197,92.27946689153791,113.11862791788857,119.20760934233243
2025-04-04,5373.094291808573,47604.56833532525,23467.706534351248,91.35383034649533,111.89432626882162,121.5263929355104
2025-04-05,5349.3724448115845,47584.84555926191,22734.169138485428,90.95050937939966,111.84796797135289,117.72780470651603
2025-04-06,5320.584142787723,45748.29854340809,22259.05562123389,90.46104809020157,107.53117237408063,115.26745214066274
2025-04-07,5206.443118472649,45199.655133291846,21450.914359033686,88.52041217269105,106.24158847733452,111.08253136735308
2025-04-08,5232.172340713331,45076.22310974435,21355.472311975947,88.95786271345412,105.95146205464421,110.58828930342024
2025-04-09,5255.276719501143,44414.80173944326,21639.83666887456,89.35068543075887,104.39679406378413,112.06085648942667
2025-04-10,5258.307447305633,45298.16487302129,22233.686305604526,89.40221413631312,106.4731351826906,115.13607835621704
2025-04-11,5242.433631972257,44534.36096331611,22272.232982012014,89.13232610640685,104.67781748805388,115.3356904715551
2025-04-12,5133.755041090723,44312.55607147934,22934.054162848446,87.28456297133147,104.15646607571918,118.76289972004483
2025-04-13,5103.9295679174,44395.37122824247,22373.50399584091,86.7774676053645,104.35112273357572,115.86011756039451
2025-04-14,5080.243671387527,45176.520192124226,21696.46198879881,86.37475787133035,106.18720990095534,112.3540879932867
2025-04-15,5021.647332928303,44411.66608259148,21683.447179916166,85.37849767714566,104.38942371629207,112.28669142959022
2025-04-16,5012.009357137361,45044.88606433722,21842.022090550843,85.21463194960174,105.8778044687086,113.1078640001307
2025-04-17,5044.891961942638,45063.93089496912,21837.90475000497,85.77370494136214,105.92256925845417,113.08654254955374
2025-04-18,5190.148469299807,44546.68241795394,21033.965046082194,88.24336908815766,104.70677901241095,108.9233793443054
2025-04-19,5206.334815055101,44807.06854322619,21008.63677177231,88.5185707882866,105.31881544244126,108.79221809036457
2025-04-20,5229.0513859503935,44927.54204087421,20523.747959993707,88.9047999610719,105.60198786315557,106.28124463055994
2025-04-21,5225.8266888581375,44617.42507570014,20779.35289012016,88.84997337231579,104.87305931499071,107.60488250413454
2025-04-22,5078.032114801729,44668.18297478889,20924.78276911803,86.33715678819867,104.99236553117883,108.35798415869068
2025-04-23,5078.5515561938455,44475.048330713784,20579.150635781945,86.34598837726693,104.53840340876806,106.56814473039138
2025-04-24,5085.67906536833,44548.97511821007,20397.033291461157,86.46717092656849,104.71216799417189,105.62505879594339
2025-04-25,5276.130787567015,44916.30672607644,20016.305462340515,89.70524816363857,105.57557930566463,103.65347798997615
2025-04-26,5263.545028831682,45784.63783153466,20001.729113297228,89.49126396648009,107.61658770929319,103.57799506543867
2025-04-27,5289.984921566561,45118.298011091545,20353.61076821016,89.94079739063085,106.05035892323691,105.4001973415389
2025-04-28,5289.87554295222,46286.69952607902,20000.61669563584,89.93893772563422,108.79668149064436,103.57223446392321
2025-04-29,5199.788060191861,45216.317118836574,20190.07928307967,88.40726227579535,106.2807524002945,104.55335738765565
2025-04-30,5291.524500609407,45147.524058079725,20005.448334395765,89.96697345139711,106.1190546167722,103.59725487354874
2025-05-01,5353.853343838906,45479.801098099684,19727.938537061258,91.02669402595718,106.9000703223603,102.16018369554666
2025-05-02,5420.056306032223,45646.79848948639,19697.822921945986,92.15228271809383,107.29259694850768,102.00423142681363
2025-05-03,5348.832366050437,45319.40165502423,19338.645692044985,90.9413269119349,106.52305214439055,100.14424936548419
2025-05-04,5464.056456432158,45219.813765233266,19153.658250754193,92.90037721570648,106.28897125210726,99.18630077150749
2025-05-05,5351.891584401277,44965.85878394653,18748.332326000447,90.99334001630972,105.6920511974283,97.08733990686267
2025-05-06,5401.6794633168165,44661.33303238585,19418.86741391176,91.83983799247515,104.97626477200863,100.55967370527958
2025-05-07,5581.862390587144,45130.0637786964,19438.960969202413,94.90332425853282,106.07801430769304,100.6637272178011
2025-05-08,5501.717759886076,45336.94837764902,19201.901690487677,93.54069806985608,106.56429563792456,99.43612711073797
2025-05-09,5457.734464620938,44973.576583553804,19283.541232937714,92.79289014475472,105.7101918510994,99.85889356643469
2025-05-10,5468.621392198528,45472.567343237104,19252.265163029973,92.97799066242739,106.88306741371004,99.69693193820642
2025-05-11,5430.055936906363,45653.89349133136,19183.391093277907,92.32229733775098,107.30927371880684,99.34027087073034
2025-05-12,5306.4681273247525,46112.9135065381,19403.136849776434,90.22104633111489,108.38819822419615,100.47821373323636
2025-05-13,5314.578769996257,46475.1556245362,19675.4625682469,90.35894420417905,109.23964671237644,101.88843940743439
2025-05-14,5232.5506079174,46026.76610548875,19495.451354774188,88.96429404633409,108.18570914095676,100.95625997058737
2025-05-15,5272.338328633738,45731.174274753896,19301.18447832186,89.64076843721446,107.4909218567267,99.95025826660566
2025-05-16,5202.26176334167,46154.98899611994,19213.346128252797,88.44932039828535,108.48709647543176,99.49539158290673
2025-05-17,5325.810361586999,46506.89508743445,18424.934520939816,90.54990473027033,109.31425017883616,95.41263988132964
2025-05-18,5265.90138926672,46509.182337108876,17929.7931648092,89.5313270176247,109.31962634902904,92.84857411224088
2025-05-19,5243.0951771771015,46588.616699771344,18378.104994231573,89.1435737572255,109.50633646537966,95.17013542289867
2025-05-20,5309.696947749811,47316.88896598896,18929.621244544524,90.27594302514458,111.2181371899378,98.02613587815165
2025-05-21,5214.319048662733,46995.18822002675,18852.338250751556,88.65431944312601,110.46198101652058,97.62592960076493
2025-05-22,5234.716938234272,47317.81810932599,19055.52923004222,89.00112618839117,111.22032113722145,98.67814434335529
2025-05-23,5339.972131451375,47217.20567294788,19169.910097253905,90.79068440978735,110.98383205273919,99.27046017927752
2025-05-24,5213.883382402118,47108.03125692279,20239.971690661256,88.64691220634616,110.72721807315492,104.81172282781417
2025-05-25,5230.930215195774,47743.29823775341,20655.950640571707,88.9367439841638,112.22041028782151,106.96584987238589
2025-05-26,5253.937111716025,48230.518414265374,20616.65235062556,89.32790929922531,113.3656191470084,106.7623455623802
2025-05-27,5318.178803284172,48715.81946754139,20270.298200291007,90.42015229254768,114.50631711555974,104.96876720367736
2025-05-28,5222.163016916327,49493.60385203803,19692.269692392263,88.78768329385439,116.33449585405029,101.97547429386505
2025-05-29,5121.339503070416,49520.92660299936,19772.266494490876,87.07347288201427,116.39871785873466,102.38973389742665
2025-05-30,5163.995772196275,49941.03419743861,19510.989568105448,87.79871858985135,117.38617889207654,101.03672386321558
2025-05-31,5189.582184037122,49770.0759952815,19019.301572691817,88.23374105540678,116.98434239781925,98.49054115699988
2025-06-01,5211.676273629895,49978.612426061634,18805.556729186486,88.60938674533921,117.47450635141891,97.38367373466588
2025-06-02,5241.3657504688645,49915.55357849922,18446.9749298066,89.11416988945011,117.32628681052142,95.52677508173721
2025-06-03,5190.522559066794,49988.62753202268,19014.56158979242,88.24972939587825,117.49804681346296,98.46599538285291
2025-06-04,5211.20059116444,50360.637114693876,19323.919296681786,88.60129914946094,118.37245368394078,100.06798943327428
2025-06-05,5236.715083151645,49881.27192693159,19328.875736207552,89.03509882722382,117.24570794089442,100.0936561176811
2025-06-06,5183.220618011478,51148.68757260869,19851.509100930445,88.12558114011725,120.22476278236782,102.80008793493403
2025-06-07,5330.873042041371,50546.554554013164,19887.095502511842,90.63598087675307,118.80945179865365,102.98437040903991
2025-06-08,5371.427625730197,49825.24190891773,19586.73839971369,91.3254935405695,117.11400963260749,101.42898555529673
2025-06-09,5278.1283318105125,50532.627334644276,20131.567686405724,89.73921058976019,118.77671593143387,104.25035789010042
2025-06-10,5332.748009022657,51027.8446735099,20334.904185864074,90.66785923328494,119.94072208518547,105.30332620190097
2025-06-11,5257.448406982134,51425.322895898316,19963.3767265615,89.38760865580007,120.87499288010994,103.37938906984903
2025-06-12,5322.147981627214,51828.50494121633,19902.965628000184,90.48763661820301,121.82267048547682,103.06655309285733
2025-06-13,5417.302312453075,51836.43670957457,19597.23361424479,92.10545907262228,121.84131407174598,101.48333452046647
2025-06-14,5353.32270029436,51293.86200730847,19117.289619040876,91.01767197689009,120.56599464582607,98.9979675561739
2025-06-15,5433.358311168588,51355.90986848083,19443.64461435517,92.37844460070744,120.71183786770759,100.68798124962868
2025-06-16,5469.716790525107,50954.001571567744,20119.690406605583,92.99661472287626,119.76715420230465,104.18885196620948
2025-06-17,5539.898192819524,51565.52280118763,19621.24084400497,94.18984520990821,121.2045321343008,101.60765480855505
2025-06-18,5700.288742167295,51489.99536892081,19827.920129998256,96.91681969398441,121.02700524047876,102.67793358012933
